[
  {
    "uid": "c54dbfbc-5175-4d6f-9707-cd5b7355216d",
    "title": "234",
    "description": "23",
    "questions": [],
    "duration": "234:00",
    "createdAt": "2025-08-04T15:20:16.065Z",
    "status": "false"
  },
  {
    "uid": "372864f4-94c5-4ba3-95cb-f0954cd4a9f5",
    "title": "234",
    "description": "23",
    "questions": [],
    "duration": "23:00",
    "createdAt": "2025-08-04T15:20:42.629Z",
    "status": "false"
  },
  {
    "uid": "71ff98a2-120f-49ca-b4d1-16c18c146acb",
    "title": "234",
    "description": "23",
    "questions": [],
    "duration": "23:00",
    "createdAt": "2025-08-04T17:04:01.253Z",
    "status": "true"
  },
  {
    "uid": "4afb14a7-fe8e-4243-a0ad-cd4b54122914",
    "title": "Hello",
    "description": "Hi",
    "questions": [
      {
        "id": 1,
        "answerKey": [
          0,
          3
        ],
        "locked": false,
        "chosen": [
          0,
          3
        ],
        "question": "The capital of France is Paris",
        "type": "mcq",
        "options": [
          "Berlin",
          "Madrid",
          "Paris",
          "Rome"
        ]
      },
      {
        "id": 2,
        "answerKey": [
          5
        ],
        "locked": false,
        "chosen": [
          5
        ],
        "question": "Enter an integer value for x",
        "type": "int"
      },
      {
        "id": 3,
        "answerKey": [
          1
        ],
        "locked": false,
        "chosen": [
          1
        ],
        "question": "Which planet is known as the Red Planet?",
        "type": "mcq",
        "options": [
          "Venus",
          "Mars",
          "Jupiter",
          "Saturn"
        ]
      }
    ],
    "duration": "23:00",
    "createdAt": "2025-08-05T08:00:12.064Z",
    "status": "false"
  },
  {
    "uid": "a43bc9a2-8900-4f24-b600-b574be9a6619",
    "title": "CHemistry",
    "description": "Physics",
    "questions": [
      {
        "id": 1,
        "answerKey": [
          0,
          2,
          3
        ],
        "locked": false,
        "chosen": [
          0,
          3,
          2
        ],
        "question": "The capital of France is Paris",
        "type": "mcq",
        "options": [
          "Berlin",
          "Madrid",
          "Paris",
          "Rome"
        ]
      },
      {
        "id": 2,
        "answerKey": [
          2
        ],
        "locked": false,
        "chosen": [
          23
        ],
        "question": "Enter an integer value for x",
        "type": "int"
      },
      {
        "id": 3,
        "answerKey": [
          2
        ],
        "locked": false,
        "chosen": [
          2,
          3
        ],
        "question": "Which planet is known as the Red Planet?",
        "type": "mcq",
        "options": [
          "Venus",
          "Mars",
          "Jupiter",
          "Saturn"
        ]
      },
      {
        "id": 4,
        "answerKey": [
          2,
          1
        ],
        "locked": false,
        "chosen": [
          1,
          2
        ],
        "question": "The capital of France is Paris",
        "type": "mcq",
        "options": [
          "Berlin",
          "Madrid",
          "Paris",
          "Rome"
        ]
      },
      {
        "id": 5,
        "answerKey": [
          5
        ],
        "locked": false,
        "chosen": [
          234
        ],
        "question": "Enter an integer value for x",
        "type": "int"
      },
      {
        "id": 6,
        "answerKey": [
          1
        ],
        "locked": false,
        "chosen": [
          2
        ],
        "question": "Which planet is known as the Red Planet?",
        "type": "mcq",
        "options": [
          "Venus",
          "Mars",
          "Jupiter",
          "Saturn"
        ]
      }
    ],
    "duration": "23:00",
    "createdAt": "2025-08-05T08:13:17.448Z",
    "status": "false"
  }
]